Dataset,Classifier,Metric,NO OVERSAMPLING,RANDOM OVERSAMPLING,SMOTE,G-SOMO
MANDELON 1 (3),LR,ROC AUC,1.5,3.0,4.0,1.5
MANDELON 1 (3),LR,F1,4.0,3.0,2.0,1.0
MANDELON 1 (3),LR,GEOMETRIC MEAN SCORE,4.0,1.0,2.0,3.0
MANDELON 1 (3),KNN,ROC AUC,3.0,4.0,1.0,2.0
MANDELON 1 (3),KNN,F1,4.0,3.0,1.0,2.0
MANDELON 1 (3),KNN,GEOMETRIC MEAN SCORE,4.0,2.0,1.0,3.0
MANDELON 1 (3),DT,ROC AUC,3.0,4.0,2.0,1.0
MANDELON 1 (3),DT,F1,2.0,3.0,4.0,1.0
MANDELON 1 (3),DT,GEOMETRIC MEAN SCORE,4.0,2.0,1.0,3.0
MANDELON 1 (3),GBC,ROC AUC,2.0,4.0,3.0,1.0
MANDELON 1 (3),GBC,F1,4.0,1.0,3.0,2.0
MANDELON 1 (3),GBC,GEOMETRIC MEAN SCORE,4.0,2.0,1.0,3.0
SEGMENTATION (3),LR,ROC AUC,2.0,4.0,3.0,1.0
SEGMENTATION (3),LR,F1,1.0,4.0,3.0,2.0
SEGMENTATION (3),LR,GEOMETRIC MEAN SCORE,1.0,4.0,3.0,2.0
SEGMENTATION (3),KNN,ROC AUC,4.0,3.0,2.0,1.0
SEGMENTATION (3),KNN,F1,4.0,2.0,3.0,1.0
SEGMENTATION (3),KNN,GEOMETRIC MEAN SCORE,4.0,1.0,2.0,3.0
SEGMENTATION (3),DT,ROC AUC,2.0,4.0,3.0,1.0
SEGMENTATION (3),DT,F1,2.0,4.0,3.0,1.0
SEGMENTATION (3),DT,GEOMETRIC MEAN SCORE,4.0,3.0,2.0,1.0
SEGMENTATION (3),GBC,ROC AUC,3.0,4.0,2.0,1.0
SEGMENTATION (3),GBC,F1,2.0,3.0,4.0,1.0
SEGMENTATION (3),GBC,GEOMETRIC MEAN SCORE,2.0,3.0,4.0,1.0
SEGMENTATION,LR,ROC AUC,4.0,1.0,2.0,3.0
SEGMENTATION,LR,F1,1.5,4.0,3.0,1.5
SEGMENTATION,LR,GEOMETRIC MEAN SCORE,4.0,1.0,2.0,3.0
SEGMENTATION,KNN,ROC AUC,3.0,4.0,2.0,1.0
SEGMENTATION,KNN,F1,1.0,3.0,4.0,2.0
SEGMENTATION,KNN,GEOMETRIC MEAN SCORE,2.0,4.0,3.0,1.0
SEGMENTATION,DT,ROC AUC,4.0,2.0,3.0,1.0
SEGMENTATION,DT,F1,3.0,1.0,4.0,2.0
SEGMENTATION,DT,GEOMETRIC MEAN SCORE,4.0,2.0,3.0,1.0
SEGMENTATION,GBC,ROC AUC,4.0,3.0,2.0,1.0
SEGMENTATION,GBC,F1,4.0,2.0,3.0,1.0
SEGMENTATION,GBC,GEOMETRIC MEAN SCORE,4.0,3.0,2.0,1.0
YEAST 4 (3),LR,ROC AUC,4.0,3.0,1.0,2.0
YEAST 4 (3),LR,F1,4.0,3.0,2.0,1.0
YEAST 4 (3),LR,GEOMETRIC MEAN SCORE,4.0,2.0,1.0,3.0
YEAST 4 (3),KNN,ROC AUC,3.0,4.0,2.0,1.0
YEAST 4 (3),KNN,F1,4.0,3.0,2.0,1.0
YEAST 4 (3),KNN,GEOMETRIC MEAN SCORE,4.0,3.0,1.0,2.0
YEAST 4 (3),DT,ROC AUC,3.0,4.0,2.0,1.0
YEAST 4 (3),DT,F1,4.0,3.0,2.0,1.0
YEAST 4 (3),DT,GEOMETRIC MEAN SCORE,4.0,2.0,1.0,3.0
YEAST 4 (3),GBC,ROC AUC,2.0,4.0,3.0,1.0
YEAST 4 (3),GBC,F1,4.0,3.0,1.0,2.0
YEAST 4 (3),GBC,GEOMETRIC MEAN SCORE,4.0,3.0,1.0,2.0
PIMA (2),LR,ROC AUC,3.0,1.0,2.0,4.0
PIMA (2),LR,F1,4.0,2.0,1.0,3.0
PIMA (2),LR,GEOMETRIC MEAN SCORE,4.0,2.0,1.0,3.0
PIMA (2),KNN,ROC AUC,3.0,4.0,2.0,1.0
PIMA (2),KNN,F1,4.0,3.0,2.0,1.0
PIMA (2),KNN,GEOMETRIC MEAN SCORE,4.0,2.0,1.0,3.0
PIMA (2),DT,ROC AUC,1.0,4.0,2.0,3.0
PIMA (2),DT,F1,4.0,3.0,1.0,2.0
PIMA (2),DT,GEOMETRIC MEAN SCORE,4.0,2.0,1.0,3.0
PIMA (2),GBC,ROC AUC,2.0,3.0,4.0,1.0
PIMA (2),GBC,F1,4.0,2.0,3.0,1.0
PIMA (2),GBC,GEOMETRIC MEAN SCORE,4.0,1.0,2.0,3.0
GLASS,LR,ROC AUC,3.0,4.0,2.0,1.0
GLASS,LR,F1,4.0,3.0,2.0,1.0
GLASS,LR,GEOMETRIC MEAN SCORE,4.0,3.0,2.0,1.0
GLASS,KNN,ROC AUC,3.0,2.0,4.0,1.0
GLASS,KNN,F1,4.0,2.0,3.0,1.0
GLASS,KNN,GEOMETRIC MEAN SCORE,4.0,2.0,3.0,1.0
GLASS,DT,ROC AUC,4.0,2.0,3.0,1.0
GLASS,DT,F1,4.0,3.0,2.0,1.0
GLASS,DT,GEOMETRIC MEAN SCORE,4.0,3.0,2.0,1.0
GLASS,GBC,ROC AUC,2.0,4.0,3.0,1.0
GLASS,GBC,F1,1.0,4.0,3.0,2.0
GLASS,GBC,GEOMETRIC MEAN SCORE,1.0,4.0,3.0,2.0
ECOLI (2),LR,ROC AUC,2.0,4.0,3.0,1.0
ECOLI (2),LR,F1,4.0,3.0,2.0,1.0
ECOLI (2),LR,GEOMETRIC MEAN SCORE,4.0,3.0,2.0,1.0
ECOLI (2),KNN,ROC AUC,3.0,4.0,2.0,1.0
ECOLI (2),KNN,F1,2.0,3.0,4.0,1.0
ECOLI (2),KNN,GEOMETRIC MEAN SCORE,4.0,3.0,2.0,1.0
ECOLI (2),DT,ROC AUC,4.0,3.0,2.0,1.0
ECOLI (2),DT,F1,4.0,2.0,3.0,1.0
ECOLI (2),DT,GEOMETRIC MEAN SCORE,4.0,3.0,2.0,1.0
ECOLI (2),GBC,ROC AUC,4.0,3.0,2.0,1.0
ECOLI (2),GBC,F1,4.0,1.0,3.0,2.0
ECOLI (2),GBC,GEOMETRIC MEAN SCORE,4.0,2.0,3.0,1.0
YEAST 3 (2),LR,ROC AUC,4.0,2.0,1.0,3.0
YEAST 3 (2),LR,F1,4.0,3.0,2.0,1.0
YEAST 3 (2),LR,GEOMETRIC MEAN SCORE,4.0,3.0,1.0,2.0
YEAST 3 (2),KNN,ROC AUC,3.0,4.0,2.0,1.0
YEAST 3 (2),KNN,F1,4.0,2.0,3.0,1.0
YEAST 3 (2),KNN,GEOMETRIC MEAN SCORE,4.0,2.0,1.0,3.0
YEAST 3 (2),DT,ROC AUC,1.0,3.0,4.0,2.0
YEAST 3 (2),DT,F1,3.0,2.0,4.0,1.0
YEAST 3 (2),DT,GEOMETRIC MEAN SCORE,4.0,2.0,3.0,1.0
YEAST 3 (2),GBC,ROC AUC,3.0,4.0,2.0,1.0
YEAST 3 (2),GBC,F1,4.0,2.0,3.0,1.0
YEAST 3 (2),GBC,GEOMETRIC MEAN SCORE,4.0,1.0,3.0,2.0
YEAST 3,LR,ROC AUC,4.0,2.0,3.0,1.0
YEAST 3,LR,F1,4.0,3.0,2.0,1.0
YEAST 3,LR,GEOMETRIC MEAN SCORE,4.0,2.0,1.0,3.0
YEAST 3,KNN,ROC AUC,2.0,4.0,3.0,1.0
YEAST 3,KNN,F1,2.0,4.0,3.0,1.0
YEAST 3,KNN,GEOMETRIC MEAN SCORE,4.0,2.0,1.0,3.0
YEAST 3,DT,ROC AUC,4.0,3.0,1.0,2.0
YEAST 3,DT,F1,2.0,4.0,3.0,1.0
YEAST 3,DT,GEOMETRIC MEAN SCORE,4.0,2.0,3.0,1.0
YEAST 3,GBC,ROC AUC,3.0,4.0,2.0,1.0
YEAST 3,GBC,F1,4.0,3.0,2.0,1.0
YEAST 3,GBC,GEOMETRIC MEAN SCORE,4.0,1.0,3.0,2.0
HABERMAN,LR,ROC AUC,4.0,3.0,2.0,1.0
HABERMAN,LR,F1,4.0,2.0,3.0,1.0
HABERMAN,LR,GEOMETRIC MEAN SCORE,4.0,2.0,3.0,1.0
HABERMAN,KNN,ROC AUC,4.0,3.0,2.0,1.0
HABERMAN,KNN,F1,4.0,3.0,1.0,2.0
HABERMAN,KNN,GEOMETRIC MEAN SCORE,4.0,3.0,1.0,2.0
HABERMAN,DT,ROC AUC,3.0,4.0,2.0,1.0
HABERMAN,DT,F1,4.0,2.0,3.0,1.0
HABERMAN,DT,GEOMETRIC MEAN SCORE,4.0,2.0,3.0,1.0
HABERMAN,GBC,ROC AUC,3.0,4.0,2.0,1.0
HABERMAN,GBC,F1,4.0,3.0,2.0,1.0
HABERMAN,GBC,GEOMETRIC MEAN SCORE,4.0,3.0,2.0,1.0
PAGE BLOCKS 0 (2),LR,ROC AUC,3.0,1.0,2.0,4.0
PAGE BLOCKS 0 (2),LR,F1,4.0,3.0,2.0,1.0
PAGE BLOCKS 0 (2),LR,GEOMETRIC MEAN SCORE,4.0,2.0,1.0,3.0
PAGE BLOCKS 0 (2),KNN,ROC AUC,3.0,4.0,1.0,2.0
PAGE BLOCKS 0 (2),KNN,F1,2.0,3.0,4.0,1.0
PAGE BLOCKS 0 (2),KNN,GEOMETRIC MEAN SCORE,4.0,2.0,1.0,3.0
PAGE BLOCKS 0 (2),DT,ROC AUC,4.0,2.0,1.0,3.0
PAGE BLOCKS 0 (2),DT,F1,2.0,3.0,4.0,1.0
PAGE BLOCKS 0 (2),DT,GEOMETRIC MEAN SCORE,4.0,2.0,1.0,3.0
PAGE BLOCKS 0 (2),GBC,ROC AUC,3.0,4.0,2.0,1.0
PAGE BLOCKS 0 (2),GBC,F1,3.0,4.0,2.0,1.0
PAGE BLOCKS 0 (2),GBC,GEOMETRIC MEAN SCORE,4.0,2.0,1.0,3.0
EUCALYPTUS,LR,ROC AUC,4.0,2.0,3.0,1.0
EUCALYPTUS,LR,F1,4.0,2.0,3.0,1.0
EUCALYPTUS,LR,GEOMETRIC MEAN SCORE,4.0,1.0,2.0,3.0
EUCALYPTUS,KNN,ROC AUC,4.0,3.0,2.0,1.0
EUCALYPTUS,KNN,F1,4.0,1.0,2.0,3.0
EUCALYPTUS,KNN,GEOMETRIC MEAN SCORE,4.0,1.0,2.0,3.0
EUCALYPTUS,DT,ROC AUC,4.0,1.0,2.0,3.0
EUCALYPTUS,DT,F1,4.0,3.0,2.0,1.0
EUCALYPTUS,DT,GEOMETRIC MEAN SCORE,4.0,1.0,2.0,3.0
EUCALYPTUS,GBC,ROC AUC,2.0,3.0,4.0,1.0
EUCALYPTUS,GBC,F1,2.0,4.0,3.0,1.0
EUCALYPTUS,GBC,GEOMETRIC MEAN SCORE,4.0,3.0,2.0,1.0
YEAST 1,LR,ROC AUC,4.0,2.0,3.0,1.0
YEAST 1,LR,F1,4.0,1.0,2.0,3.0
YEAST 1,LR,GEOMETRIC MEAN SCORE,4.0,2.0,1.0,3.0
YEAST 1,KNN,ROC AUC,2.0,4.0,3.0,1.0
YEAST 1,KNN,F1,4.0,1.0,3.0,2.0
YEAST 1,KNN,GEOMETRIC MEAN SCORE,4.0,1.0,2.0,3.0
YEAST 1,DT,ROC AUC,4.0,3.0,2.0,1.0
YEAST 1,DT,F1,4.0,2.0,1.0,3.0
YEAST 1,DT,GEOMETRIC MEAN SCORE,4.0,2.0,1.0,3.0
YEAST 1,GBC,ROC AUC,2.0,3.0,4.0,1.0
YEAST 1,GBC,F1,4.0,1.0,2.0,3.0
YEAST 1,GBC,GEOMETRIC MEAN SCORE,4.0,1.0,2.0,3.0
BREAST TISSUE (2),LR,ROC AUC,2.0,4.0,3.0,1.0
BREAST TISSUE (2),LR,F1,4.0,2.0,1.0,3.0
BREAST TISSUE (2),LR,GEOMETRIC MEAN SCORE,4.0,1.0,2.0,3.0
BREAST TISSUE (2),KNN,ROC AUC,4.0,3.0,1.0,2.0
BREAST TISSUE (2),KNN,F1,3.0,4.0,2.0,1.0
BREAST TISSUE (2),KNN,GEOMETRIC MEAN SCORE,4.0,3.0,1.0,2.0
BREAST TISSUE (2),DT,ROC AUC,2.0,4.0,3.0,1.0
BREAST TISSUE (2),DT,F1,2.0,4.0,3.0,1.0
BREAST TISSUE (2),DT,GEOMETRIC MEAN SCORE,1.0,4.0,3.0,2.0
BREAST TISSUE (2),GBC,ROC AUC,3.0,2.0,4.0,1.0
BREAST TISSUE (2),GBC,F1,4.0,2.0,3.0,1.0
BREAST TISSUE (2),GBC,GEOMETRIC MEAN SCORE,4.0,3.0,2.0,1.0
YEAST 6 (2),LR,ROC AUC,4.0,3.0,2.0,1.0
YEAST 6 (2),LR,F1,4.0,3.0,2.0,1.0
YEAST 6 (2),LR,GEOMETRIC MEAN SCORE,4.0,3.0,2.0,1.0
YEAST 6 (2),KNN,ROC AUC,3.0,2.0,4.0,1.0
YEAST 6 (2),KNN,F1,3.0,2.0,4.0,1.0
YEAST 6 (2),KNN,GEOMETRIC MEAN SCORE,4.0,2.0,3.0,1.0
YEAST 6 (2),DT,ROC AUC,4.0,3.0,2.0,1.0
YEAST 6 (2),DT,F1,2.0,3.0,4.0,1.0
YEAST 6 (2),DT,GEOMETRIC MEAN SCORE,4.0,2.0,3.0,1.0
YEAST 6 (2),GBC,ROC AUC,2.0,4.0,3.0,1.0
YEAST 6 (2),GBC,F1,4.0,2.0,3.0,1.0
YEAST 6 (2),GBC,GEOMETRIC MEAN SCORE,4.0,3.0,2.0,1.0
VOWEL (2),LR,ROC AUC,4.0,1.0,2.0,3.0
VOWEL (2),LR,F1,2.0,3.0,4.0,1.0
VOWEL (2),LR,GEOMETRIC MEAN SCORE,4.0,1.0,2.0,3.0
VOWEL (2),KNN,ROC AUC,3.5,3.5,2.0,1.0
VOWEL (2),KNN,F1,4.0,2.0,1.0,3.0
VOWEL (2),KNN,GEOMETRIC MEAN SCORE,4.0,2.0,1.0,3.0
VOWEL (2),DT,ROC AUC,2.0,4.0,3.0,1.0
VOWEL (2),DT,F1,2.0,3.0,4.0,1.0
VOWEL (2),DT,GEOMETRIC MEAN SCORE,2.0,4.0,3.0,1.0
VOWEL (2),GBC,ROC AUC,4.0,3.0,2.0,1.0
VOWEL (2),GBC,F1,2.0,4.0,3.0,1.0
VOWEL (2),GBC,GEOMETRIC MEAN SCORE,3.0,4.0,2.0,1.0
NEW THYROID 2,LR,ROC AUC,3.0,4.0,2.0,1.0
NEW THYROID 2,LR,F1,3.0,3.0,3.0,1.0
NEW THYROID 2,LR,GEOMETRIC MEAN SCORE,3.0,3.0,3.0,1.0
NEW THYROID 2,KNN,ROC AUC,2.0,3.0,4.0,1.0
NEW THYROID 2,KNN,F1,3.0,2.0,4.0,1.0
NEW THYROID 2,KNN,GEOMETRIC MEAN SCORE,4.0,3.0,2.0,1.0
NEW THYROID 2,DT,ROC AUC,4.0,3.0,2.0,1.0
NEW THYROID 2,DT,F1,4.0,3.0,2.0,1.0
NEW THYROID 2,DT,GEOMETRIC MEAN SCORE,4.0,3.0,2.0,1.0
NEW THYROID 2,GBC,ROC AUC,3.0,2.0,4.0,1.0
NEW THYROID 2,GBC,F1,4.0,3.0,2.0,1.0
NEW THYROID 2,GBC,GEOMETRIC MEAN SCORE,4.0,3.0,2.0,1.0
NEW THYROID 1,LR,ROC AUC,2.5,2.5,2.5,2.5
NEW THYROID 1,LR,F1,2.0,4.0,2.0,2.0
NEW THYROID 1,LR,GEOMETRIC MEAN SCORE,2.0,4.0,2.0,2.0
NEW THYROID 1,KNN,ROC AUC,4.0,3.0,1.0,2.0
NEW THYROID 1,KNN,F1,4.0,3.0,2.0,1.0
NEW THYROID 1,KNN,GEOMETRIC MEAN SCORE,4.0,3.0,2.0,1.0
NEW THYROID 1,DT,ROC AUC,3.0,4.0,1.0,2.0
NEW THYROID 1,DT,F1,4.0,3.0,1.0,2.0
NEW THYROID 1,DT,GEOMETRIC MEAN SCORE,4.0,3.0,1.0,2.0
NEW THYROID 1,GBC,ROC AUC,2.0,4.0,3.0,1.0
NEW THYROID 1,GBC,F1,3.0,4.0,1.0,2.0
NEW THYROID 1,GBC,GEOMETRIC MEAN SCORE,3.0,4.0,2.0,1.0
HEART (3),LR,ROC AUC,3.0,4.0,2.0,1.0
HEART (3),LR,F1,2.0,3.0,4.0,1.0
HEART (3),LR,GEOMETRIC MEAN SCORE,4.0,2.0,3.0,1.0
HEART (3),KNN,ROC AUC,2.0,4.0,3.0,1.0
HEART (3),KNN,F1,4.0,3.0,2.0,1.0
HEART (3),KNN,GEOMETRIC MEAN SCORE,4.0,2.0,3.0,1.0
HEART (3),DT,ROC AUC,2.0,4.0,3.0,1.0
HEART (3),DT,F1,4.0,3.0,2.0,1.0
HEART (3),DT,GEOMETRIC MEAN SCORE,4.0,3.0,2.0,1.0
HEART (3),GBC,ROC AUC,4.0,3.0,1.0,2.0
HEART (3),GBC,F1,4.0,2.0,3.0,1.0
HEART (3),GBC,GEOMETRIC MEAN SCORE,4.0,2.0,3.0,1.0
SEGMENTATION (2),LR,ROC AUC,4.0,2.0,3.0,1.0
SEGMENTATION (2),LR,F1,2.0,4.0,2.0,2.0
SEGMENTATION (2),LR,GEOMETRIC MEAN SCORE,2.0,4.0,2.0,2.0
SEGMENTATION (2),KNN,ROC AUC,4.0,3.0,2.0,1.0
SEGMENTATION (2),KNN,F1,4.0,3.0,2.0,1.0
SEGMENTATION (2),KNN,GEOMETRIC MEAN SCORE,4.0,3.0,1.0,2.0
SEGMENTATION (2),DT,ROC AUC,2.0,3.0,4.0,1.0
SEGMENTATION (2),DT,F1,1.0,4.0,3.0,2.0
SEGMENTATION (2),DT,GEOMETRIC MEAN SCORE,2.0,4.0,3.0,1.0
SEGMENTATION (2),GBC,ROC AUC,4.0,3.0,2.0,1.0
SEGMENTATION (2),GBC,F1,2.0,3.0,4.0,1.0
SEGMENTATION (2),GBC,GEOMETRIC MEAN SCORE,2.0,3.0,4.0,1.0
PAGE BLOCKS 1 3,LR,ROC AUC,1.0,4.0,2.0,3.0
PAGE BLOCKS 1 3,LR,F1,2.0,3.0,4.0,1.0
PAGE BLOCKS 1 3,LR,GEOMETRIC MEAN SCORE,4.0,2.0,3.0,1.0
PAGE BLOCKS 1 3,KNN,ROC AUC,3.0,4.0,1.0,2.0
PAGE BLOCKS 1 3,KNN,F1,3.0,4.0,2.0,1.0
PAGE BLOCKS 1 3,KNN,GEOMETRIC MEAN SCORE,4.0,3.0,1.0,2.0
PAGE BLOCKS 1 3,DT,ROC AUC,4.0,3.0,1.0,2.0
PAGE BLOCKS 1 3,DT,F1,4.0,2.0,1.0,3.0
PAGE BLOCKS 1 3,DT,GEOMETRIC MEAN SCORE,4.0,2.0,1.0,3.0
PAGE BLOCKS 1 3,GBC,ROC AUC,2.0,3.5,3.5,1.0
PAGE BLOCKS 1 3,GBC,F1,1.0,3.0,3.0,3.0
PAGE BLOCKS 1 3,GBC,GEOMETRIC MEAN SCORE,4.0,2.0,2.0,2.0
YEAST 4,LR,ROC AUC,4.0,3.0,1.0,2.0
YEAST 4,LR,F1,4.0,3.0,2.0,1.0
YEAST 4,LR,GEOMETRIC MEAN SCORE,4.0,2.0,3.0,1.0
YEAST 4,KNN,ROC AUC,3.0,4.0,1.0,2.0
YEAST 4,KNN,F1,4.0,3.0,2.0,1.0
YEAST 4,KNN,GEOMETRIC MEAN SCORE,4.0,3.0,1.0,2.0
YEAST 4,DT,ROC AUC,3.0,4.0,2.0,1.0
YEAST 4,DT,F1,2.0,4.0,3.0,1.0
YEAST 4,DT,GEOMETRIC MEAN SCORE,4.0,1.0,2.0,3.0
YEAST 4,GBC,ROC AUC,3.0,4.0,2.0,1.0
YEAST 4,GBC,F1,4.0,3.0,2.0,1.0
YEAST 4,GBC,GEOMETRIC MEAN SCORE,4.0,2.0,1.0,3.0
VEHICLE (3),LR,ROC AUC,2.0,4.0,3.0,1.0
VEHICLE (3),LR,F1,3.0,4.0,2.0,1.0
VEHICLE (3),LR,GEOMETRIC MEAN SCORE,4.0,3.0,2.0,1.0
VEHICLE (3),KNN,ROC AUC,3.0,4.0,1.0,2.0
VEHICLE (3),KNN,F1,4.0,3.0,1.0,2.0
VEHICLE (3),KNN,GEOMETRIC MEAN SCORE,4.0,2.0,1.0,3.0
VEHICLE (3),DT,ROC AUC,1.0,4.0,3.0,2.0
VEHICLE (3),DT,F1,3.0,4.0,2.0,1.0
VEHICLE (3),DT,GEOMETRIC MEAN SCORE,4.0,3.0,1.0,2.0
VEHICLE (3),GBC,ROC AUC,4.0,3.0,2.0,1.0
VEHICLE (3),GBC,F1,3.0,4.0,2.0,1.0
VEHICLE (3),GBC,GEOMETRIC MEAN SCORE,4.0,3.0,2.0,1.0
PAGE BLOCKS 0 (3),LR,ROC AUC,3.0,1.0,2.0,4.0
PAGE BLOCKS 0 (3),LR,F1,4.0,3.0,2.0,1.0
PAGE BLOCKS 0 (3),LR,GEOMETRIC MEAN SCORE,4.0,2.0,1.0,3.0
PAGE BLOCKS 0 (3),KNN,ROC AUC,4.0,3.0,1.0,2.0
PAGE BLOCKS 0 (3),KNN,F1,3.0,1.0,4.0,2.0
PAGE BLOCKS 0 (3),KNN,GEOMETRIC MEAN SCORE,4.0,2.0,1.0,3.0
PAGE BLOCKS 0 (3),DT,ROC AUC,4.0,1.0,2.0,3.0
PAGE BLOCKS 0 (3),DT,F1,2.0,4.0,3.0,1.0
PAGE BLOCKS 0 (3),DT,GEOMETRIC MEAN SCORE,4.0,2.0,1.0,3.0
PAGE BLOCKS 0 (3),GBC,ROC AUC,4.0,3.0,1.0,2.0
PAGE BLOCKS 0 (3),GBC,F1,3.0,2.0,4.0,1.0
PAGE BLOCKS 0 (3),GBC,GEOMETRIC MEAN SCORE,4.0,2.0,1.0,3.0
GLASS (2),LR,ROC AUC,3.0,4.0,2.0,1.0
GLASS (2),LR,F1,4.0,3.0,2.0,1.0
GLASS (2),LR,GEOMETRIC MEAN SCORE,4.0,3.0,2.0,1.0
GLASS (2),KNN,ROC AUC,4.0,3.0,2.0,1.0
GLASS (2),KNN,F1,4.0,1.0,3.0,2.0
GLASS (2),KNN,GEOMETRIC MEAN SCORE,4.0,1.0,2.0,3.0
GLASS (2),DT,ROC AUC,2.0,4.0,3.0,1.0
GLASS (2),DT,F1,4.0,2.0,3.0,1.0
GLASS (2),DT,GEOMETRIC MEAN SCORE,4.0,2.0,3.0,1.0
GLASS (2),GBC,ROC AUC,2.0,4.0,3.0,1.0
GLASS (2),GBC,F1,4.0,2.0,3.0,1.0
GLASS (2),GBC,GEOMETRIC MEAN SCORE,4.0,3.0,2.0,1.0
HEART,LR,ROC AUC,4.0,2.0,3.0,1.0
HEART,LR,F1,2.0,4.0,3.0,1.0
HEART,LR,GEOMETRIC MEAN SCORE,2.0,4.0,3.0,1.0
HEART,KNN,ROC AUC,3.0,4.0,2.0,1.0
HEART,KNN,F1,4.0,2.0,3.0,1.0
HEART,KNN,GEOMETRIC MEAN SCORE,3.0,2.0,4.0,1.0
HEART,DT,ROC AUC,3.0,4.0,2.0,1.0
HEART,DT,F1,3.0,4.0,1.0,2.0
HEART,DT,GEOMETRIC MEAN SCORE,3.0,4.0,1.0,2.0
HEART,GBC,ROC AUC,3.0,4.0,2.0,1.0
HEART,GBC,F1,2.0,4.0,3.0,1.0
HEART,GBC,GEOMETRIC MEAN SCORE,2.0,4.0,3.0,1.0
IRIS (2),LR,ROC AUC,2.5,2.5,2.5,2.5
IRIS (2),LR,F1,2.5,2.5,2.5,2.5
IRIS (2),LR,GEOMETRIC MEAN SCORE,2.5,2.5,2.5,2.5
IRIS (2),KNN,ROC AUC,2.5,2.5,2.5,2.5
IRIS (2),KNN,F1,2.5,2.5,2.5,2.5
IRIS (2),KNN,GEOMETRIC MEAN SCORE,2.5,2.5,2.5,2.5
IRIS (2),DT,ROC AUC,2.5,2.5,2.5,2.5
IRIS (2),DT,F1,2.5,2.5,2.5,2.5
IRIS (2),DT,GEOMETRIC MEAN SCORE,2.5,2.5,2.5,2.5
IRIS (2),GBC,ROC AUC,2.5,2.5,2.5,2.5
IRIS (2),GBC,F1,2.5,2.5,2.5,2.5
IRIS (2),GBC,GEOMETRIC MEAN SCORE,2.5,2.5,2.5,2.5
IRIS,LR,ROC AUC,2.5,2.5,2.5,2.5
IRIS,LR,F1,2.5,2.5,2.5,2.5
IRIS,LR,GEOMETRIC MEAN SCORE,2.5,2.5,2.5,2.5
IRIS,KNN,ROC AUC,2.5,2.5,2.5,2.5
IRIS,KNN,F1,2.5,2.5,2.5,2.5
IRIS,KNN,GEOMETRIC MEAN SCORE,2.5,2.5,2.5,2.5
IRIS,DT,ROC AUC,2.5,2.5,2.5,2.5
IRIS,DT,F1,2.5,2.5,2.5,2.5
IRIS,DT,GEOMETRIC MEAN SCORE,2.5,2.5,2.5,2.5
IRIS,GBC,ROC AUC,2.5,2.5,2.5,2.5
IRIS,GBC,F1,2.5,2.5,2.5,2.5
IRIS,GBC,GEOMETRIC MEAN SCORE,2.5,2.5,2.5,2.5
ECOLI,LR,ROC AUC,3.0,2.0,4.0,1.0
ECOLI,LR,F1,4.0,3.0,2.0,1.0
ECOLI,LR,GEOMETRIC MEAN SCORE,4.0,3.0,2.0,1.0
ECOLI,KNN,ROC AUC,2.0,4.0,3.0,1.0
ECOLI,KNN,F1,2.0,4.0,3.0,1.0
ECOLI,KNN,GEOMETRIC MEAN SCORE,3.0,4.0,2.0,1.0
ECOLI,DT,ROC AUC,4.0,3.0,2.0,1.0
ECOLI,DT,F1,4.0,2.0,3.0,1.0
ECOLI,DT,GEOMETRIC MEAN SCORE,4.0,2.0,3.0,1.0
ECOLI,GBC,ROC AUC,4.0,3.0,2.0,1.0
ECOLI,GBC,F1,3.0,4.0,2.0,1.0
ECOLI,GBC,GEOMETRIC MEAN SCORE,4.0,3.0,2.0,1.0
YEAST 1 (2),LR,ROC AUC,4.0,1.0,3.0,2.0
YEAST 1 (2),LR,F1,4.0,3.0,2.0,1.0
YEAST 1 (2),LR,GEOMETRIC MEAN SCORE,4.0,2.0,1.0,3.0
YEAST 1 (2),KNN,ROC AUC,2.0,4.0,3.0,1.0
YEAST 1 (2),KNN,F1,4.0,3.0,2.0,1.0
YEAST 1 (2),KNN,GEOMETRIC MEAN SCORE,4.0,2.0,1.0,3.0
YEAST 1 (2),DT,ROC AUC,4.0,3.0,2.0,1.0
YEAST 1 (2),DT,F1,4.0,3.0,2.0,1.0
YEAST 1 (2),DT,GEOMETRIC MEAN SCORE,4.0,2.0,1.0,3.0
YEAST 1 (2),GBC,ROC AUC,2.0,3.0,4.0,1.0
YEAST 1 (2),GBC,F1,4.0,3.0,2.0,1.0
YEAST 1 (2),GBC,GEOMETRIC MEAN SCORE,4.0,1.0,3.0,2.0
IRIS (3),LR,ROC AUC,2.5,2.5,2.5,2.5
IRIS (3),LR,F1,2.5,2.5,2.5,2.5
IRIS (3),LR,GEOMETRIC MEAN SCORE,2.5,2.5,2.5,2.5
IRIS (3),KNN,ROC AUC,2.5,2.5,2.5,2.5
IRIS (3),KNN,F1,2.5,2.5,2.5,2.5
IRIS (3),KNN,GEOMETRIC MEAN SCORE,2.5,2.5,2.5,2.5
IRIS (3),DT,ROC AUC,2.5,2.5,2.5,2.5
IRIS (3),DT,F1,2.5,2.5,2.5,2.5
IRIS (3),DT,GEOMETRIC MEAN SCORE,2.5,2.5,2.5,2.5
IRIS (3),GBC,ROC AUC,2.5,2.5,2.5,2.5
IRIS (3),GBC,F1,2.5,2.5,2.5,2.5
IRIS (3),GBC,GEOMETRIC MEAN SCORE,2.5,2.5,2.5,2.5
LED,LR,ROC AUC,2.0,4.0,3.0,1.0
LED,LR,F1,2.0,4.0,3.0,1.0
LED,LR,GEOMETRIC MEAN SCORE,4.0,3.0,2.0,1.0
LED,KNN,ROC AUC,3.0,4.0,2.0,1.0
LED,KNN,F1,4.0,3.0,1.0,2.0
LED,KNN,GEOMETRIC MEAN SCORE,4.0,2.0,1.0,3.0
LED,DT,ROC AUC,4.0,3.0,2.0,1.0
LED,DT,F1,3.0,4.0,1.5,1.5
LED,DT,GEOMETRIC MEAN SCORE,3.0,4.0,2.0,1.0
LED,GBC,ROC AUC,3.0,4.0,2.0,1.0
LED,GBC,F1,3.0,4.0,2.0,1.0
LED,GBC,GEOMETRIC MEAN SCORE,3.0,4.0,2.0,1.0
ECOLI (3),LR,ROC AUC,2.0,4.0,3.0,1.0
ECOLI (3),LR,F1,4.0,3.0,2.0,1.0
ECOLI (3),LR,GEOMETRIC MEAN SCORE,4.0,3.0,2.0,1.0
ECOLI (3),KNN,ROC AUC,2.0,4.0,3.0,1.0
ECOLI (3),KNN,F1,2.0,4.0,3.0,1.0
ECOLI (3),KNN,GEOMETRIC MEAN SCORE,4.0,3.0,2.0,1.0
ECOLI (3),DT,ROC AUC,4.0,2.0,3.0,1.0
ECOLI (3),DT,F1,4.0,3.0,2.0,1.0
ECOLI (3),DT,GEOMETRIC MEAN SCORE,4.0,2.0,3.0,1.0
ECOLI (3),GBC,ROC AUC,4.0,3.0,2.0,1.0
ECOLI (3),GBC,F1,1.0,3.0,4.0,2.0
ECOLI (3),GBC,GEOMETRIC MEAN SCORE,2.0,4.0,3.0,1.0
GLASS (3),LR,ROC AUC,3.0,4.0,2.0,1.0
GLASS (3),LR,F1,4.0,3.0,2.0,1.0
GLASS (3),LR,GEOMETRIC MEAN SCORE,4.0,2.0,1.0,3.0
GLASS (3),KNN,ROC AUC,4.0,3.0,1.0,2.0
GLASS (3),KNN,F1,4.0,2.0,3.0,1.0
GLASS (3),KNN,GEOMETRIC MEAN SCORE,4.0,2.0,1.0,3.0
GLASS (3),DT,ROC AUC,4.0,3.0,1.0,2.0
GLASS (3),DT,F1,4.0,3.0,2.0,1.0
GLASS (3),DT,GEOMETRIC MEAN SCORE,4.0,3.0,1.0,2.0
GLASS (3),GBC,ROC AUC,4.0,3.0,2.0,1.0
GLASS (3),GBC,F1,4.0,3.0,1.0,2.0
GLASS (3),GBC,GEOMETRIC MEAN SCORE,4.0,3.0,1.0,2.0
HABERMAN (3),LR,ROC AUC,2.0,4.0,3.0,1.0
HABERMAN (3),LR,F1,4.0,2.0,3.0,1.0
HABERMAN (3),LR,GEOMETRIC MEAN SCORE,4.0,1.0,2.0,3.0
HABERMAN (3),KNN,ROC AUC,3.0,4.0,2.0,1.0
HABERMAN (3),KNN,F1,4.0,3.0,2.0,1.0
HABERMAN (3),KNN,GEOMETRIC MEAN SCORE,4.0,3.0,1.0,2.0
HABERMAN (3),DT,ROC AUC,4.0,3.0,1.0,2.0
HABERMAN (3),DT,F1,4.0,3.0,2.0,1.0
HABERMAN (3),DT,GEOMETRIC MEAN SCORE,4.0,3.0,1.0,2.0
HABERMAN (3),GBC,ROC AUC,3.0,4.0,1.0,2.0
HABERMAN (3),GBC,F1,4.0,3.0,1.0,2.0
HABERMAN (3),GBC,GEOMETRIC MEAN SCORE,4.0,3.0,1.0,2.0
MANDELON 2 (3),LR,ROC AUC,2.0,4.0,3.0,1.0
MANDELON 2 (3),LR,F1,2.0,3.0,4.0,1.0
MANDELON 2 (3),LR,GEOMETRIC MEAN SCORE,4.0,1.0,2.0,3.0
MANDELON 2 (3),KNN,ROC AUC,3.0,4.0,2.0,1.0
MANDELON 2 (3),KNN,F1,3.5,3.5,2.0,1.0
MANDELON 2 (3),KNN,GEOMETRIC MEAN SCORE,3.5,3.5,2.0,1.0
MANDELON 2 (3),DT,ROC AUC,4.0,3.0,1.0,2.0
MANDELON 2 (3),DT,F1,1.0,3.0,4.0,2.0
MANDELON 2 (3),DT,GEOMETRIC MEAN SCORE,4.0,1.0,2.0,3.0
MANDELON 2 (3),GBC,ROC AUC,4.0,2.0,1.0,3.0
MANDELON 2 (3),GBC,F1,4.0,3.0,1.0,2.0
MANDELON 2 (3),GBC,GEOMETRIC MEAN SCORE,4.0,2.0,1.0,3.0
NEW THYROID 2 (2),LR,ROC AUC,4.0,1.5,3.0,1.5
NEW THYROID 2 (2),LR,F1,2.0,3.0,4.0,1.0
NEW THYROID 2 (2),LR,GEOMETRIC MEAN SCORE,4.0,2.0,3.0,1.0
NEW THYROID 2 (2),KNN,ROC AUC,4.0,3.0,1.0,2.0
NEW THYROID 2 (2),KNN,F1,4.0,3.0,1.0,2.0
NEW THYROID 2 (2),KNN,GEOMETRIC MEAN SCORE,4.0,2.0,1.0,3.0
NEW THYROID 2 (2),DT,ROC AUC,3.5,3.5,2.0,1.0
NEW THYROID 2 (2),DT,F1,3.5,3.5,2.0,1.0
NEW THYROID 2 (2),DT,GEOMETRIC MEAN SCORE,3.5,3.5,2.0,1.0
NEW THYROID 2 (2),GBC,ROC AUC,4.0,3.0,2.0,1.0
NEW THYROID 2 (2),GBC,F1,3.0,3.0,3.0,1.0
NEW THYROID 2 (2),GBC,GEOMETRIC MEAN SCORE,3.0,3.0,3.0,1.0
VEHICLE (2),LR,ROC AUC,2.0,3.0,4.0,1.0
VEHICLE (2),LR,F1,2.5,4.0,2.5,1.0
VEHICLE (2),LR,GEOMETRIC MEAN SCORE,2.5,4.0,2.5,1.0
VEHICLE (2),KNN,ROC AUC,2.0,4.0,3.0,1.0
VEHICLE (2),KNN,F1,2.0,4.0,3.0,1.0
VEHICLE (2),KNN,GEOMETRIC MEAN SCORE,4.0,2.0,1.0,3.0
VEHICLE (2),DT,ROC AUC,2.0,1.0,4.0,3.0
VEHICLE (2),DT,F1,2.0,3.0,4.0,1.0
VEHICLE (2),DT,GEOMETRIC MEAN SCORE,4.0,2.0,3.0,1.0
VEHICLE (2),GBC,ROC AUC,3.0,2.0,4.0,1.0
VEHICLE (2),GBC,F1,2.0,4.0,3.0,1.0
VEHICLE (2),GBC,GEOMETRIC MEAN SCORE,4.0,3.0,2.0,1.0
LIBRAS,LR,ROC AUC,2.0,4.0,3.0,1.0
LIBRAS,LR,F1,4.0,3.0,2.0,1.0
LIBRAS,LR,GEOMETRIC MEAN SCORE,4.0,2.0,3.0,1.0
LIBRAS,KNN,ROC AUC,4.0,3.0,1.0,2.0
LIBRAS,KNN,F1,4.0,2.0,3.0,1.0
LIBRAS,KNN,GEOMETRIC MEAN SCORE,4.0,3.0,1.0,2.0
LIBRAS,DT,ROC AUC,4.0,2.0,3.0,1.0
LIBRAS,DT,F1,4.0,2.0,3.0,1.0
LIBRAS,DT,GEOMETRIC MEAN SCORE,4.0,3.0,2.0,1.0
LIBRAS,GBC,ROC AUC,2.0,3.0,4.0,1.0
LIBRAS,GBC,F1,4.0,3.0,2.0,1.0
LIBRAS,GBC,GEOMETRIC MEAN SCORE,4.0,3.0,2.0,1.0
VEHICLE,LR,ROC AUC,2.0,4.0,3.0,1.0
VEHICLE,LR,F1,3.0,4.0,2.0,1.0
VEHICLE,LR,GEOMETRIC MEAN SCORE,4.0,2.0,3.0,1.0
VEHICLE,KNN,ROC AUC,3.0,4.0,2.0,1.0
VEHICLE,KNN,F1,4.0,3.0,2.0,1.0
VEHICLE,KNN,GEOMETRIC MEAN SCORE,4.0,3.0,1.0,2.0
VEHICLE,DT,ROC AUC,3.0,2.0,4.0,1.0
VEHICLE,DT,F1,4.0,3.0,2.0,1.0
VEHICLE,DT,GEOMETRIC MEAN SCORE,4.0,3.0,2.0,1.0
VEHICLE,GBC,ROC AUC,4.0,3.0,2.0,1.0
VEHICLE,GBC,F1,4.0,2.0,3.0,1.0
VEHICLE,GBC,GEOMETRIC MEAN SCORE,4.0,2.0,3.0,1.0
YEAST 5,LR,ROC AUC,2.0,3.0,4.0,1.0
YEAST 5,LR,F1,4.0,3.0,2.0,1.0
YEAST 5,LR,GEOMETRIC MEAN SCORE,4.0,3.0,2.0,1.0
YEAST 5,KNN,ROC AUC,2.0,3.0,4.0,1.0
YEAST 5,KNN,F1,4.0,2.0,3.0,1.0
YEAST 5,KNN,GEOMETRIC MEAN SCORE,4.0,3.0,2.0,1.0
YEAST 5,DT,ROC AUC,4.0,3.0,2.0,1.0
YEAST 5,DT,F1,2.0,4.0,3.0,1.0
YEAST 5,DT,GEOMETRIC MEAN SCORE,4.0,3.0,2.0,1.0
YEAST 5,GBC,ROC AUC,3.0,4.0,2.0,1.0
YEAST 5,GBC,F1,4.0,3.0,2.0,1.0
YEAST 5,GBC,GEOMETRIC MEAN SCORE,4.0,3.0,2.0,1.0
HABERMAN (2),LR,ROC AUC,4.0,2.0,3.0,1.0
HABERMAN (2),LR,F1,4.0,2.0,1.0,3.0
HABERMAN (2),LR,GEOMETRIC MEAN SCORE,4.0,2.0,1.0,3.0
HABERMAN (2),KNN,ROC AUC,3.0,4.0,2.0,1.0
HABERMAN (2),KNN,F1,2.0,4.0,3.0,1.0
HABERMAN (2),KNN,GEOMETRIC MEAN SCORE,4.0,3.0,2.0,1.0
HABERMAN (2),DT,ROC AUC,4.0,3.0,1.0,2.0
HABERMAN (2),DT,F1,4.0,3.0,2.0,1.0
HABERMAN (2),DT,GEOMETRIC MEAN SCORE,4.0,3.0,1.0,2.0
HABERMAN (2),GBC,ROC AUC,3.0,4.0,2.0,1.0
HABERMAN (2),GBC,F1,4.0,2.0,3.0,1.0
HABERMAN (2),GBC,GEOMETRIC MEAN SCORE,4.0,2.0,3.0,1.0
VOWEL,LR,ROC AUC,4.0,2.0,1.0,3.0
VOWEL,LR,F1,1.0,4.0,3.0,2.0
VOWEL,LR,GEOMETRIC MEAN SCORE,4.0,1.0,2.0,3.0
VOWEL,KNN,ROC AUC,4.0,1.5,1.5,3.0
VOWEL,KNN,F1,2.0,3.5,3.5,1.0
VOWEL,KNN,GEOMETRIC MEAN SCORE,4.0,2.5,2.5,1.0
VOWEL,DT,ROC AUC,3.0,4.0,1.0,2.0
VOWEL,DT,F1,3.0,4.0,2.0,1.0
VOWEL,DT,GEOMETRIC MEAN SCORE,4.0,3.0,1.0,2.0
VOWEL,GBC,ROC AUC,4.0,3.0,2.0,1.0
VOWEL,GBC,F1,4.0,3.0,2.0,1.0
VOWEL,GBC,GEOMETRIC MEAN SCORE,4.0,3.0,2.0,1.0
EUCALYPTUS (2),LR,ROC AUC,4.0,1.0,2.0,3.0
EUCALYPTUS (2),LR,F1,4.0,2.0,3.0,1.0
EUCALYPTUS (2),LR,GEOMETRIC MEAN SCORE,4.0,1.0,2.0,3.0
EUCALYPTUS (2),KNN,ROC AUC,3.0,4.0,1.0,2.0
EUCALYPTUS (2),KNN,F1,4.0,2.0,3.0,1.0
EUCALYPTUS (2),KNN,GEOMETRIC MEAN SCORE,4.0,2.0,1.0,3.0
EUCALYPTUS (2),DT,ROC AUC,4.0,3.0,2.0,1.0
EUCALYPTUS (2),DT,F1,4.0,3.0,2.0,1.0
EUCALYPTUS (2),DT,GEOMETRIC MEAN SCORE,4.0,2.0,1.0,3.0
EUCALYPTUS (2),GBC,ROC AUC,2.0,3.0,4.0,1.0
EUCALYPTUS (2),GBC,F1,4.0,3.0,2.0,1.0
EUCALYPTUS (2),GBC,GEOMETRIC MEAN SCORE,4.0,3.0,1.0,2.0
YEAST 6,LR,ROC AUC,4.0,1.0,3.0,2.0
YEAST 6,LR,F1,4.0,3.0,2.0,1.0
YEAST 6,LR,GEOMETRIC MEAN SCORE,4.0,3.0,2.0,1.0
YEAST 6,KNN,ROC AUC,2.0,3.0,4.0,1.0
YEAST 6,KNN,F1,2.0,3.0,4.0,1.0
YEAST 6,KNN,GEOMETRIC MEAN SCORE,4.0,3.0,2.0,1.0
YEAST 6,DT,ROC AUC,4.0,2.0,3.0,1.0
YEAST 6,DT,F1,3.0,2.0,4.0,1.0
YEAST 6,DT,GEOMETRIC MEAN SCORE,4.0,2.0,3.0,1.0
YEAST 6,GBC,ROC AUC,4.0,2.0,3.0,1.0
YEAST 6,GBC,F1,4.0,2.0,3.0,1.0
YEAST 6,GBC,GEOMETRIC MEAN SCORE,4.0,3.0,2.0,1.0
BREAST TISSUE,LR,ROC AUC,3.0,4.0,2.0,1.0
BREAST TISSUE,LR,F1,4.0,3.0,1.0,2.0
BREAST TISSUE,LR,GEOMETRIC MEAN SCORE,4.0,2.0,1.0,3.0
BREAST TISSUE,KNN,ROC AUC,3.0,4.0,2.0,1.0
BREAST TISSUE,KNN,F1,3.0,4.0,2.0,1.0
BREAST TISSUE,KNN,GEOMETRIC MEAN SCORE,3.0,4.0,2.0,1.0
BREAST TISSUE,DT,ROC AUC,4.0,3.0,2.0,1.0
BREAST TISSUE,DT,F1,4.0,2.0,3.0,1.0
BREAST TISSUE,DT,GEOMETRIC MEAN SCORE,4.0,2.0,3.0,1.0
BREAST TISSUE,GBC,ROC AUC,2.0,3.0,4.0,1.0
BREAST TISSUE,GBC,F1,3.0,4.0,1.0,2.0
BREAST TISSUE,GBC,GEOMETRIC MEAN SCORE,3.0,4.0,1.0,2.0
EUCALYPTUS (3),LR,ROC AUC,4.0,1.0,2.0,3.0
EUCALYPTUS (3),LR,F1,4.0,3.0,2.0,1.0
EUCALYPTUS (3),LR,GEOMETRIC MEAN SCORE,4.0,2.0,1.0,3.0
EUCALYPTUS (3),KNN,ROC AUC,4.0,3.0,2.0,1.0
EUCALYPTUS (3),KNN,F1,4.0,1.0,3.0,2.0
EUCALYPTUS (3),KNN,GEOMETRIC MEAN SCORE,4.0,2.0,1.0,3.0
EUCALYPTUS (3),DT,ROC AUC,3.0,4.0,1.0,2.0
EUCALYPTUS (3),DT,F1,4.0,2.0,3.0,1.0
EUCALYPTUS (3),DT,GEOMETRIC MEAN SCORE,4.0,3.0,1.0,2.0
EUCALYPTUS (3),GBC,ROC AUC,2.0,4.0,3.0,1.0
EUCALYPTUS (3),GBC,F1,4.0,3.0,2.0,1.0
EUCALYPTUS (3),GBC,GEOMETRIC MEAN SCORE,4.0,2.0,3.0,1.0
MANDELON 2,LR,ROC AUC,2.0,4.0,3.0,1.0
MANDELON 2,LR,F1,4.0,3.0,2.0,1.0
MANDELON 2,LR,GEOMETRIC MEAN SCORE,4.0,2.0,1.0,3.0
MANDELON 2,KNN,ROC AUC,3.0,2.0,4.0,1.0
MANDELON 2,KNN,F1,4.0,2.0,3.0,1.0
MANDELON 2,KNN,GEOMETRIC MEAN SCORE,3.0,2.0,4.0,1.0
MANDELON 2,DT,ROC AUC,4.0,3.0,1.0,2.0
MANDELON 2,DT,F1,4.0,3.0,1.0,2.0
MANDELON 2,DT,GEOMETRIC MEAN SCORE,4.0,3.0,1.0,2.0
MANDELON 2,GBC,ROC AUC,4.0,3.0,2.0,1.0
MANDELON 2,GBC,F1,4.0,2.0,1.0,3.0
MANDELON 2,GBC,GEOMETRIC MEAN SCORE,4.0,3.0,1.0,2.0
WINE (2),LR,ROC AUC,3.0,4.0,2.0,1.0
WINE (2),LR,F1,2.0,4.0,3.0,1.0
WINE (2),LR,GEOMETRIC MEAN SCORE,2.0,4.0,3.0,1.0
WINE (2),KNN,ROC AUC,2.0,4.0,3.0,1.0
WINE (2),KNN,F1,2.0,4.0,3.0,1.0
WINE (2),KNN,GEOMETRIC MEAN SCORE,4.0,3.0,2.0,1.0
WINE (2),DT,ROC AUC,4.0,2.0,3.0,1.0
WINE (2),DT,F1,4.0,2.0,3.0,1.0
WINE (2),DT,GEOMETRIC MEAN SCORE,4.0,2.0,3.0,1.0
WINE (2),GBC,ROC AUC,4.0,3.0,2.0,1.0
WINE (2),GBC,F1,4.0,2.0,3.0,1.0
WINE (2),GBC,GEOMETRIC MEAN SCORE,4.0,2.0,3.0,1.0
YEAST 4 (2),LR,ROC AUC,2.0,4.0,3.0,1.0
YEAST 4 (2),LR,F1,4.0,3.0,2.0,1.0
YEAST 4 (2),LR,GEOMETRIC MEAN SCORE,4.0,3.0,2.0,1.0
YEAST 4 (2),KNN,ROC AUC,4.0,3.0,1.0,2.0
YEAST 4 (2),KNN,F1,4.0,3.0,2.0,1.0
YEAST 4 (2),KNN,GEOMETRIC MEAN SCORE,4.0,3.0,1.0,2.0
YEAST 4 (2),DT,ROC AUC,3.0,4.0,2.0,1.0
YEAST 4 (2),DT,F1,4.0,2.0,3.0,1.0
YEAST 4 (2),DT,GEOMETRIC MEAN SCORE,4.0,3.0,1.0,2.0
YEAST 4 (2),GBC,ROC AUC,2.0,4.0,3.0,1.0
YEAST 4 (2),GBC,F1,3.0,4.0,2.0,1.0
YEAST 4 (2),GBC,GEOMETRIC MEAN SCORE,4.0,3.0,1.0,2.0
HEART (2),LR,ROC AUC,2.0,4.0,3.0,1.0
HEART (2),LR,F1,4.0,3.0,2.0,1.0
HEART (2),LR,GEOMETRIC MEAN SCORE,4.0,3.0,2.0,1.0
HEART (2),KNN,ROC AUC,2.0,4.0,3.0,1.0
HEART (2),KNN,F1,4.0,2.0,3.0,1.0
HEART (2),KNN,GEOMETRIC MEAN SCORE,4.0,2.0,3.0,1.0
HEART (2),DT,ROC AUC,3.0,1.0,4.0,2.0
HEART (2),DT,F1,3.0,4.0,2.0,1.0
HEART (2),DT,GEOMETRIC MEAN SCORE,4.0,3.0,2.0,1.0
HEART (2),GBC,ROC AUC,4.0,3.0,2.0,1.0
HEART (2),GBC,F1,4.0,3.0,2.0,1.0
HEART (2),GBC,GEOMETRIC MEAN SCORE,3.0,4.0,2.0,1.0
WINE (3),LR,ROC AUC,4.0,3.0,2.0,1.0
WINE (3),LR,F1,4.0,2.5,2.5,1.0
WINE (3),LR,GEOMETRIC MEAN SCORE,4.0,2.5,2.5,1.0
WINE (3),KNN,ROC AUC,3.0,4.0,2.0,1.0
WINE (3),KNN,F1,2.0,4.0,3.0,1.0
WINE (3),KNN,GEOMETRIC MEAN SCORE,4.0,3.0,2.0,1.0
WINE (3),DT,ROC AUC,4.0,2.0,3.0,1.0
WINE (3),DT,F1,2.0,3.0,4.0,1.0
WINE (3),DT,GEOMETRIC MEAN SCORE,4.0,2.0,3.0,1.0
WINE (3),GBC,ROC AUC,3.0,4.0,2.0,1.0
WINE (3),GBC,F1,2.0,4.0,3.0,1.0
WINE (3),GBC,GEOMETRIC MEAN SCORE,3.0,4.0,2.0,1.0
LIVER (3),LR,ROC AUC,4.0,3.0,2.0,1.0
LIVER (3),LR,F1,4.0,3.0,2.0,1.0
LIVER (3),LR,GEOMETRIC MEAN SCORE,4.0,3.0,2.0,1.0
LIVER (3),KNN,ROC AUC,3.0,4.0,2.0,1.0
LIVER (3),KNN,F1,4.0,3.0,2.0,1.0
LIVER (3),KNN,GEOMETRIC MEAN SCORE,4.0,2.0,1.0,3.0
LIVER (3),DT,ROC AUC,2.0,4.0,3.0,1.0
LIVER (3),DT,F1,4.0,3.0,2.0,1.0
LIVER (3),DT,GEOMETRIC MEAN SCORE,4.0,3.0,2.0,1.0
LIVER (3),GBC,ROC AUC,3.0,4.0,2.0,1.0
LIVER (3),GBC,F1,3.0,4.0,2.0,1.0
LIVER (3),GBC,GEOMETRIC MEAN SCORE,4.0,3.0,2.0,1.0
LIVER,LR,ROC AUC,3.0,4.0,2.0,1.0
LIVER,LR,F1,4.0,3.0,2.0,1.0
LIVER,LR,GEOMETRIC MEAN SCORE,2.0,4.0,3.0,1.0
LIVER,KNN,ROC AUC,4.0,2.0,3.0,1.0
LIVER,KNN,F1,4.0,3.0,2.0,1.0
LIVER,KNN,GEOMETRIC MEAN SCORE,4.0,2.0,3.0,1.0
LIVER,DT,ROC AUC,4.0,3.0,2.0,1.0
LIVER,DT,F1,4.0,3.0,2.0,1.0
LIVER,DT,GEOMETRIC MEAN SCORE,4.0,3.0,2.0,1.0
LIVER,GBC,ROC AUC,3.0,4.0,2.0,1.0
LIVER,GBC,F1,4.0,3.0,2.0,1.0
LIVER,GBC,GEOMETRIC MEAN SCORE,3.0,4.0,2.0,1.0
VOWEL (3),LR,ROC AUC,4.0,1.0,2.0,3.0
VOWEL (3),LR,F1,2.0,4.0,3.0,1.0
VOWEL (3),LR,GEOMETRIC MEAN SCORE,4.0,1.0,2.0,3.0
VOWEL (3),KNN,ROC AUC,4.0,3.0,1.0,2.0
VOWEL (3),KNN,F1,4.0,2.0,1.0,3.0
VOWEL (3),KNN,GEOMETRIC MEAN SCORE,4.0,2.0,1.0,3.0
VOWEL (3),DT,ROC AUC,4.0,2.0,3.0,1.0
VOWEL (3),DT,F1,2.0,3.0,4.0,1.0
VOWEL (3),DT,GEOMETRIC MEAN SCORE,4.0,3.0,2.0,1.0
VOWEL (3),GBC,ROC AUC,4.0,2.0,3.0,1.0
VOWEL (3),GBC,F1,2.0,3.0,4.0,1.0
VOWEL (3),GBC,GEOMETRIC MEAN SCORE,3.0,4.0,2.0,1.0
DERMATOLOGY,LR,ROC AUC,2.5,2.5,2.5,2.5
DERMATOLOGY,LR,F1,4.0,2.5,2.5,1.0
DERMATOLOGY,LR,GEOMETRIC MEAN SCORE,4.0,2.5,2.5,1.0
DERMATOLOGY,KNN,ROC AUC,2.5,2.5,4.0,1.0
DERMATOLOGY,KNN,F1,1.5,3.5,3.5,1.5
DERMATOLOGY,KNN,GEOMETRIC MEAN SCORE,2.0,3.5,3.5,1.0
DERMATOLOGY,DT,ROC AUC,3.0,3.0,3.0,1.0
DERMATOLOGY,DT,F1,3.0,3.0,3.0,1.0
DERMATOLOGY,DT,GEOMETRIC MEAN SCORE,3.0,3.0,3.0,1.0
DERMATOLOGY,GBC,ROC AUC,3.0,3.0,3.0,1.0
DERMATOLOGY,GBC,F1,3.0,3.0,3.0,1.0
DERMATOLOGY,GBC,GEOMETRIC MEAN SCORE,3.0,3.0,3.0,1.0
WINE,LR,ROC AUC,3.0,4.0,2.0,1.0
WINE,LR,F1,3.0,4.0,2.0,1.0
WINE,LR,GEOMETRIC MEAN SCORE,3.0,4.0,2.0,1.0
WINE,KNN,ROC AUC,2.0,4.0,3.0,1.0
WINE,KNN,F1,2.0,3.0,4.0,1.0
WINE,KNN,GEOMETRIC MEAN SCORE,2.0,3.0,4.0,1.0
WINE,DT,ROC AUC,3.0,4.0,2.0,1.0
WINE,DT,F1,3.0,2.0,4.0,1.0
WINE,DT,GEOMETRIC MEAN SCORE,4.0,3.0,2.0,1.0
WINE,GBC,ROC AUC,2.0,3.0,4.0,1.0
WINE,GBC,F1,4.0,3.0,2.0,1.0
WINE,GBC,GEOMETRIC MEAN SCORE,4.0,3.0,2.0,1.0
MANDELON 1 (2),LR,ROC AUC,1.5,3.0,4.0,1.5
MANDELON 1 (2),LR,F1,4.0,3.0,2.0,1.0
MANDELON 1 (2),LR,GEOMETRIC MEAN SCORE,4.0,2.0,1.0,3.0
MANDELON 1 (2),KNN,ROC AUC,3.0,4.0,1.0,2.0
MANDELON 1 (2),KNN,F1,4.0,3.0,1.0,2.0
MANDELON 1 (2),KNN,GEOMETRIC MEAN SCORE,4.0,2.0,1.0,3.0
MANDELON 1 (2),DT,ROC AUC,2.0,3.0,4.0,1.0
MANDELON 1 (2),DT,F1,2.0,4.0,3.0,1.0
MANDELON 1 (2),DT,GEOMETRIC MEAN SCORE,4.0,1.0,2.0,3.0
MANDELON 1 (2),GBC,ROC AUC,2.0,3.0,4.0,1.0
MANDELON 1 (2),GBC,F1,2.0,3.0,4.0,1.0
MANDELON 1 (2),GBC,GEOMETRIC MEAN SCORE,4.0,2.0,1.0,3.0
YEAST 5 (2),LR,ROC AUC,4.0,2.0,3.0,1.0
YEAST 5 (2),LR,F1,4.0,2.0,3.0,1.0
YEAST 5 (2),LR,GEOMETRIC MEAN SCORE,4.0,2.0,3.0,1.0
YEAST 5 (2),KNN,ROC AUC,4.0,3.0,1.0,2.0
YEAST 5 (2),KNN,F1,4.0,3.0,1.0,2.0
YEAST 5 (2),KNN,GEOMETRIC MEAN SCORE,4.0,3.0,1.0,2.0
YEAST 5 (2),DT,ROC AUC,4.0,3.0,2.0,1.0
YEAST 5 (2),DT,F1,3.0,4.0,2.0,1.0
YEAST 5 (2),DT,GEOMETRIC MEAN SCORE,4.0,3.0,2.0,1.0
YEAST 5 (2),GBC,ROC AUC,3.0,2.0,4.0,1.0
YEAST 5 (2),GBC,F1,4.0,3.0,2.0,1.0
YEAST 5 (2),GBC,GEOMETRIC MEAN SCORE,4.0,3.0,2.0,1.0
NEW THYROID 1 (2),LR,ROC AUC,2.5,2.5,2.5,2.5
NEW THYROID 1 (2),LR,F1,1.5,3.5,3.5,1.5
NEW THYROID 1 (2),LR,GEOMETRIC MEAN SCORE,4.0,2.5,2.5,1.0
NEW THYROID 1 (2),KNN,ROC AUC,4.0,3.0,2.0,1.0
NEW THYROID 1 (2),KNN,F1,4.0,3.0,2.0,1.0
NEW THYROID 1 (2),KNN,GEOMETRIC MEAN SCORE,4.0,3.0,1.0,2.0
NEW THYROID 1 (2),DT,ROC AUC,4.0,2.0,3.0,1.0
NEW THYROID 1 (2),DT,F1,4.0,2.0,3.0,1.0
NEW THYROID 1 (2),DT,GEOMETRIC MEAN SCORE,4.0,2.0,3.0,1.0
NEW THYROID 1 (2),GBC,ROC AUC,4.0,3.0,2.0,1.0
NEW THYROID 1 (2),GBC,F1,3.0,4.0,2.0,1.0
NEW THYROID 1 (2),GBC,GEOMETRIC MEAN SCORE,3.0,4.0,2.0,1.0
YEAST 3 (3),LR,ROC AUC,4.0,3.0,2.0,1.0
YEAST 3 (3),LR,F1,4.0,3.0,2.0,1.0
YEAST 3 (3),LR,GEOMETRIC MEAN SCORE,4.0,3.0,2.0,1.0
YEAST 3 (3),KNN,ROC AUC,3.0,4.0,2.0,1.0
YEAST 3 (3),KNN,F1,4.0,2.0,3.0,1.0
YEAST 3 (3),KNN,GEOMETRIC MEAN SCORE,4.0,2.0,3.0,1.0
YEAST 3 (3),DT,ROC AUC,4.0,2.0,3.0,1.0
YEAST 3 (3),DT,F1,2.0,3.0,4.0,1.0
YEAST 3 (3),DT,GEOMETRIC MEAN SCORE,4.0,2.0,3.0,1.0
YEAST 3 (3),GBC,ROC AUC,2.0,4.0,3.0,1.0
YEAST 3 (3),GBC,F1,4.0,3.0,2.0,1.0
YEAST 3 (3),GBC,GEOMETRIC MEAN SCORE,4.0,3.0,2.0,1.0
PIMA (3),LR,ROC AUC,4.0,1.0,2.0,3.0
PIMA (3),LR,F1,4.0,2.0,1.0,3.0
PIMA (3),LR,GEOMETRIC MEAN SCORE,4.0,1.0,2.0,3.0
PIMA (3),KNN,ROC AUC,3.0,4.0,2.0,1.0
PIMA (3),KNN,F1,4.0,3.0,2.0,1.0
PIMA (3),KNN,GEOMETRIC MEAN SCORE,4.0,2.0,1.0,3.0
PIMA (3),DT,ROC AUC,4.0,2.0,3.0,1.0
PIMA (3),DT,F1,4.0,3.0,2.0,1.0
PIMA (3),DT,GEOMETRIC MEAN SCORE,4.0,1.0,2.0,3.0
PIMA (3),GBC,ROC AUC,3.0,4.0,2.0,1.0
PIMA (3),GBC,F1,4.0,3.0,2.0,1.0
PIMA (3),GBC,GEOMETRIC MEAN SCORE,4.0,2.0,1.0,3.0
LIVER (2),LR,ROC AUC,3.5,1.0,2.0,3.5
LIVER (2),LR,F1,4.0,1.0,2.0,3.0
LIVER (2),LR,GEOMETRIC MEAN SCORE,4.0,1.0,2.0,3.0
LIVER (2),KNN,ROC AUC,3.0,4.0,2.0,1.0
LIVER (2),KNN,F1,4.0,3.0,2.0,1.0
LIVER (2),KNN,GEOMETRIC MEAN SCORE,4.0,3.0,2.0,1.0
LIVER (2),DT,ROC AUC,4.0,3.0,2.0,1.0
LIVER (2),DT,F1,4.0,2.0,3.0,1.0
LIVER (2),DT,GEOMETRIC MEAN SCORE,4.0,3.0,2.0,1.0
LIVER (2),GBC,ROC AUC,4.0,2.0,3.0,1.0
LIVER (2),GBC,F1,4.0,3.0,2.0,1.0
LIVER (2),GBC,GEOMETRIC MEAN SCORE,4.0,3.0,2.0,1.0
MANDELON 2 (2),LR,ROC AUC,2.0,3.0,4.0,1.0
MANDELON 2 (2),LR,F1,4.0,3.0,2.0,1.0
MANDELON 2 (2),LR,GEOMETRIC MEAN SCORE,4.0,2.0,1.0,3.0
MANDELON 2 (2),KNN,ROC AUC,3.0,4.0,2.0,1.0
MANDELON 2 (2),KNN,F1,4.0,3.0,2.0,1.0
MANDELON 2 (2),KNN,GEOMETRIC MEAN SCORE,4.0,2.0,3.0,1.0
MANDELON 2 (2),DT,ROC AUC,4.0,1.0,3.0,2.0
MANDELON 2 (2),DT,F1,1.0,4.0,3.0,2.0
MANDELON 2 (2),DT,GEOMETRIC MEAN SCORE,4.0,2.0,1.0,3.0
MANDELON 2 (2),GBC,ROC AUC,4.0,3.0,2.0,1.0
MANDELON 2 (2),GBC,F1,4.0,2.0,1.0,3.0
MANDELON 2 (2),GBC,GEOMETRIC MEAN SCORE,4.0,2.0,1.0,3.0
LED (2),LR,ROC AUC,2.0,3.0,4.0,1.0
LED (2),LR,F1,4.0,3.0,2.0,1.0
LED (2),LR,GEOMETRIC MEAN SCORE,4.0,1.0,3.0,2.0
LED (2),KNN,ROC AUC,4.0,2.0,3.0,1.0
LED (2),KNN,F1,4.0,3.0,2.0,1.0
LED (2),KNN,GEOMETRIC MEAN SCORE,4.0,1.0,3.0,2.0
LED (2),DT,ROC AUC,2.0,4.0,3.0,1.0
LED (2),DT,F1,2.5,4.0,1.0,2.5
LED (2),DT,GEOMETRIC MEAN SCORE,3.0,4.0,2.0,1.0
LED (2),GBC,ROC AUC,4.0,3.0,2.0,1.0
LED (2),GBC,F1,2.0,4.0,2.0,2.0
LED (2),GBC,GEOMETRIC MEAN SCORE,2.0,4.0,2.0,2.0
MANDELON 1,LR,ROC AUC,1.5,4.0,3.0,1.5
MANDELON 1,LR,F1,4.0,3.0,2.0,1.0
MANDELON 1,LR,GEOMETRIC MEAN SCORE,4.0,1.0,2.0,3.0
MANDELON 1,KNN,ROC AUC,4.0,3.0,1.0,2.0
MANDELON 1,KNN,F1,4.0,2.0,3.0,1.0
MANDELON 1,KNN,GEOMETRIC MEAN SCORE,4.0,2.0,1.0,3.0
MANDELON 1,DT,ROC AUC,4.0,3.0,1.0,2.0
MANDELON 1,DT,F1,1.0,4.0,3.0,2.0
MANDELON 1,DT,GEOMETRIC MEAN SCORE,4.0,2.0,1.0,3.0
MANDELON 1,GBC,ROC AUC,2.0,4.0,3.0,1.0
MANDELON 1,GBC,F1,3.0,2.0,4.0,1.0
MANDELON 1,GBC,GEOMETRIC MEAN SCORE,4.0,2.0,1.0,3.0
PIMA,LR,ROC AUC,3.0,1.0,2.0,4.0
PIMA,LR,F1,4.0,1.0,2.0,3.0
PIMA,LR,GEOMETRIC MEAN SCORE,4.0,1.0,2.0,3.0
PIMA,KNN,ROC AUC,2.0,4.0,3.0,1.0
PIMA,KNN,F1,4.0,3.0,1.0,2.0
PIMA,KNN,GEOMETRIC MEAN SCORE,4.0,3.0,2.0,1.0
PIMA,DT,ROC AUC,4.0,2.0,3.0,1.0
PIMA,DT,F1,4.0,2.0,1.0,3.0
PIMA,DT,GEOMETRIC MEAN SCORE,4.0,3.0,1.0,2.0
PIMA,GBC,ROC AUC,2.0,4.0,3.0,1.0
PIMA,GBC,F1,4.0,3.0,2.0,1.0
PIMA,GBC,GEOMETRIC MEAN SCORE,4.0,3.0,2.0,1.0
PAGE BLOCKS 0,LR,ROC AUC,4.0,1.0,2.0,3.0
PAGE BLOCKS 0,LR,F1,2.0,4.0,3.0,1.0
PAGE BLOCKS 0,LR,GEOMETRIC MEAN SCORE,4.0,2.0,1.0,3.0
PAGE BLOCKS 0,KNN,ROC AUC,3.0,4.0,1.0,2.0
PAGE BLOCKS 0,KNN,F1,3.0,2.0,4.0,1.0
PAGE BLOCKS 0,KNN,GEOMETRIC MEAN SCORE,4.0,1.0,2.0,3.0
PAGE BLOCKS 0,DT,ROC AUC,4.0,3.0,1.0,2.0
PAGE BLOCKS 0,DT,F1,1.0,4.0,3.0,2.0
PAGE BLOCKS 0,DT,GEOMETRIC MEAN SCORE,4.0,2.0,1.0,3.0
PAGE BLOCKS 0,GBC,ROC AUC,3.0,4.0,1.0,2.0
PAGE BLOCKS 0,GBC,F1,2.0,4.0,3.0,1.0
PAGE BLOCKS 0,GBC,GEOMETRIC MEAN SCORE,4.0,1.0,2.0,3.0
YEAST 1 (3),LR,ROC AUC,4.0,3.0,2.0,1.0
YEAST 1 (3),LR,F1,4.0,2.0,3.0,1.0
YEAST 1 (3),LR,GEOMETRIC MEAN SCORE,4.0,1.0,2.0,3.0
YEAST 1 (3),KNN,ROC AUC,4.0,3.0,2.0,1.0
YEAST 1 (3),KNN,F1,4.0,3.0,2.0,1.0
YEAST 1 (3),KNN,GEOMETRIC MEAN SCORE,4.0,2.0,1.0,3.0
YEAST 1 (3),DT,ROC AUC,4.0,2.0,1.0,3.0
YEAST 1 (3),DT,F1,4.0,3.0,1.0,2.0
YEAST 1 (3),DT,GEOMETRIC MEAN SCORE,4.0,2.0,1.0,3.0
YEAST 1 (3),GBC,ROC AUC,3.0,4.0,2.0,1.0
YEAST 1 (3),GBC,F1,4.0,3.0,2.0,1.0
YEAST 1 (3),GBC,GEOMETRIC MEAN SCORE,4.0,1.0,2.0,3.0
